Company Name,Sector,Subsector,City,Website,Priority,Notes
Rogers-O'Brien Construction,Construction,GC,Austin,https://r-o.com,High,Austin division; healthcare/office
Bartlett Cocke General Contractors,Construction,GC,Austin,https://www.bartlettcocke.com,High,Strong K–12 and public sector
DPR Construction – Austin,Construction,GC,Austin,https://www.dpr.com/locations/austin-tx,High,Mission‑critical/healthcare
JE Dunn – Austin,Construction,GC,Austin,https://www.jedunn.com/locations/austin/,High,Large GC; higher‑ed/healthcare
SpawGlass – Austin,Construction,GC,Austin,https://www.spawglass.com/locations/austin/,High,Education/healthcare focus
Harvey‑Cleary – Austin,Construction,GC,Austin,https://harveycleary.com/locations/austin,Medium,Corporate/interiors
The Beck Group – Austin,Construction,GC/Design‑Build,Austin,https://www.beckgroup.com/,Medium,Design‑build; healthcare/education
Flintco – Austin,Construction,GC,Austin,https://flintco.com/office/austin/,Medium,Commercial/industrial
Journeyman Construction,Construction,GC,Austin,https://www.journeymaninc.com/,High,Austin‑based GC
Structura Inc.,Construction,GC,Austin,https://structurainc.com/,Medium,Austin‑based; commercial
White Construction Company,Construction,GC,Austin,https://www.whiteconst.com/,Medium,Central Texas footprint
Hensel Phelps – Central Texas,Construction,GC,Austin,https://www.henselphelps.com/locations/southwest/,Medium,Large projects; aviation/healthcare
Skanska USA – Austin,Construction,GC,Austin,https://www.usa.skanska.com/,Medium,National GC; local work
Ryan Companies – Austin,Construction,GC/Developer,Austin,https://www.ryancompanies.com/office/austin,Medium,Developer/GC hybrid
Walker Engineering – Austin,Construction,Electrical Contractor,Austin,https://www.walkerengineering.com/,High,LV + electrical; conduit/HDD partner
Alterman – Austin,Construction,Electrical Contractor,Austin,https://www.altermaninc.com/,High,Large electrical; LV opportunities
Prism Electric – Austin,Construction,Electrical Contractor,Austin,https://prismelectric.com/locations/austin/,High,Regional EC; commercial/healthcare
TRIO Electric – Austin,Construction,Electrical Contractor,Austin,https://trioelectric.com/locations/austin/,Medium,Commercial EC; training pipeline
Fisk Electric – Austin,Construction,Electrical Contractor,Austin,https://www.fiskcorp.com/,Medium,Large EC; healthcare/industrial
Rosendin Electric – Austin,Construction,Electrical Contractor,Austin,https://www.rosendin.com/locations/austin-tx/,Medium,National EC with Austin office
MMR Group – Austin,Construction,Electrical/Instrumentation,Austin,https://mmrgrp.com/,Medium,Industrial/instrumentation
MasTec – Austin,Construction,Utility Contractor,Austin,https://www.mastec.com/,Medium,Telecom/fiber construction
Alpha Paving,Construction,Underground/Utility,Round Rock,https://www.alphapavingtexas.com/,Medium,Trenching/utility partner
Texas Directional Boring,Construction,HDD Contractor,Austin,https://texasdirectionalboring.com/,High,HDD bores for conduit/fiber
Austin ISD,Education,ISD,Austin,https://www.austinisd.org/,High,Largest local district
Round Rock ISD,Education,ISD,Round Rock,https://www.roundrockisd.org/,High,North Austin growth
Leander ISD,Education,ISD,Leander,https://www.leanderisd.org/,High,Rapid expansion; bond work
Pflugerville ISD,Education,ISD,Pflugerville,https://www.pfisd.net/,High,East/North Austin
Lake Travis ISD,Education,ISD,Austin/Lakeway,https://www.ltisdschools.org/,Medium,West Austin growth
Eanes ISD,Education,ISD,Westlake/Austin,https://www.eanesisd.net/,Medium,High‑end campuses
Hays CISD,Education,ISD,Hays County,https://www.hayscisd.net/,Medium,South Austin region
Manor ISD,Education,ISD,Manor,https://www.manorisd.net/,Medium,East Austin growth
Del Valle ISD,Education,ISD,Del Valle,https://www.dvisd.net/,Medium,Airport/SE Austin
Georgetown ISD,Education,ISD,Georgetown,https://www.georgetownisd.org/,Medium,North of Austin
Dripping Springs ISD,Education,ISD,Dripping Springs,https://www.dsisdtx.us/,Medium,SW Austin suburbs
Liberty Hill ISD,Education,ISD,Liberty Hill,https://www.libertyhill.txed.net/,Medium,NW growth corridor
Lago Vista ISD,Education,ISD,Lago Vista,https://www.lagovistaisd.net/,Low,Smaller district on the lake
Bastrop ISD,Education,ISD,Bastrop,https://www.bisdtx.org/,Medium,East of Austin
St. David’s HealthCare,Healthcare,Hospital System,Austin,https://stdavids.com/,High,Multiple campuses
Ascension Seton – Austin,Healthcare,Hospital System,Austin,https://www.seton.net/,High,"Dell Seton, Ascension network"
Baylor Scott & White – Austin/Round Rock,Healthcare,Hospital System,Austin/Round Rock,https://www.bswhealth.com/,Medium,Regional network
Dell Children’s Medical Center,Healthcare,Hospital,Austin,https://healthcare.ascension.org/locations/texas/txaus/dell-childrens-medical-center,High,Pediatric specialty
Central Health (Travis County),Healthcare,Public Health System,Austin,https://www.centralhealth.net/,Medium,Facilities/network needs
Endeavor Real Estate Group,Commercial Real Estate,Developer/Property Mgmt,Austin,https://www.endeavor-re.com/,High,Major Austin developer
Cousins Properties – Austin,Commercial Real Estate,Developer/Property Mgmt,Austin,https://cousins.com/markets/austin/,Medium,Downtown office towers
HPI Real Estate & Investments,Commercial Real Estate,Property Mgmt,Austin,https://www.hpitx.com/,High,Large managed portfolio
Stream Realty – Austin,Commercial Real Estate,Property Mgmt/Broker,Austin,https://www.streamrealty.com/markets/austin/,Medium,Corporate campuses
CBRE – Austin,Commercial Real Estate,Property Mgmt/Broker,Austin,https://www.cbre.us/people-and-offices/corporate-offices/austin,Medium,Facility refresh opportunities
JLL – Austin,Commercial Real Estate,Property Mgmt/Broker,Austin,https://www.us.jll.com/en/locations/southwest/austin,Medium,Enterprise clients
Austin Community College District (ACCD),Public Institution,Higher‑Ed,Austin,https://www.austincc.edu/,High,Multi‑campus fiber/low‑voltage